id,UNIVERSITY,JOB TITLE, COMPANY
id,UNIVERSITY,JOB TITLE, COMPANY
id,UNIVERSITY,JOB TITLE, COMPANY
id,UNIVERSITY,JOB TITLE, COMPANY
6,Indira Gandhi Panasonic Innovations,Administrative Officer,Devify
6,Indira Gandhi Panasonic Innovations,Administrative Officer,Devify
6,Indira Gandhi Panasonic Innovations,Administrative Officer,Devify
6,Indira Gandhi Panasonic Innovations,Administrative Officer,Devify
7,Honda Motors,VP Accounting,Dynava
7,Honda Motors,VP Accounting,Dynava
7,Honda Motors,VP Accounting,Dynava
7,Honda Motors,VP Accounting,Dynava
8,Aetna Health Insurance,Mayo Clinic Healthcare Secretary,Blue Origin Aerospace
8,Aetna Health Insurance,Mayo Clinic Healthcare Secretary,Blue Origin Aerospace
8,Aetna Health Insurance,Mayo Clinic Healthcare Secretary,Blue Origin Aerospace
8,Aetna Health Insurance,Mayo Clinic Healthcare Secretary,Blue Origin Aerospace
9,Caterpillar Construction,Sales Representative,Hemani Dhingra
9,Caterpillar Construction,Sales Representative,Hemani Dhingra
9,Caterpillar Construction,Sales Representative,Hemani Dhingra
9,Caterpillar Construction,Sales Representative,Hemani Dhingra
10,American Express Inc.,VP Apple Innovations,Fadeo
10,American Express Inc.,VP Apple Innovations,Fadeo
10,American Express Inc.,VP Apple Innovations,Fadeo
10,American Express Inc.,VP Apple Innovations,Fadeo
11,Fidelity Investments,Engineer III,Skiptube
11,Fidelity Investments,Engineer III,Skiptube
11,Fidelity Investments,Engineer III,Skiptube
11,Fidelity Investments,Engineer III,Skiptube
12,Catalyst Ventures,Geologist I,Edgeblab
12,Catalyst Ventures,Geologist I,Edgeblab
12,Catalyst Ventures,Geologist I,Edgeblab
12,Catalyst Ventures,Geologist I,Edgeblab
13,Toyota Motor Corporation,Compensation Analyst,Bardhaman
13,Toyota Motor Corporation,Compensation Analyst,Bardhaman
13,Toyota Motor Corporation,Compensation Analyst,Bardhaman
13,Toyota Motor Corporation,Compensation Analyst,Bardhaman
14,Academy of Economics in Panihati,AMD Technologies,Fivebridge
14,Academy of Economics in Panihati,AMD Technologies,Fivebridge
14,Academy of Economics in Panihati,AMD Technologies,Fivebridge
14,Academy of Economics in Panihati,AMD Technologies,Fivebridge
15,Baker College of Durgapur,Mayo Clinic Healthcare Secretary,Riffpedia
15,Baker College of Durgapur,Mayo Clinic Healthcare Secretary,Riffpedia
15,Baker College of Durgapur,Mayo Clinic Healthcare Secretary,Riffpedia
15,Baker College of Durgapur,Mayo Clinic Healthcare Secretary,Riffpedia
16,Muzaffarpur,VP Marketing,Tazzy
16,Muzaffarpur,VP Marketing,Tazzy
16,Muzaffarpur,VP Marketing,Tazzy
16,Muzaffarpur,VP Marketing,Tazzy
17,Horizon Global Ltd.,Software Consultant,Jetpulse
17,Horizon Global Ltd.,Software Consultant,Jetpulse
17,Horizon Global Ltd.,Software Consultant,Jetpulse
17,Horizon Global Ltd.,Software Consultant,Jetpulse
18,MindTree Technologies,Senior Financial Analyst,Photofeed
18,MindTree Technologies,Senior Financial Analyst,Photofeed
18,MindTree Technologies,Senior Financial Analyst,Photofeed
18,MindTree Technologies,Senior Financial Analyst,Photofeed
19,Kuehne + Nagel,TotalEnergies Group,Salem
19,Kuehne + Nagel,TotalEnergies Group,Salem
19,Kuehne + Nagel,TotalEnergies Group,Salem
19,Kuehne + Nagel,TotalEnergies Group,Salem
110,"Global Open University , Jamalpur",Human Resources Assistant II,Boeing Innovations
110,"Global Open University , Jamalpur",Human Resources Assistant II,Boeing Innovations
110,"Global Open University , Jamalpur",Human Resources Assistant II,Boeing Innovations
110,"Global Open University , Jamalpur",Human Resources Assistant II,Boeing Innovations
111,C.H. Robinson Worldwide,Administrative Officer,Podcat
111,C.H. Robinson Worldwide,Administrative Officer,Podcat
111,C.H. Robinson Worldwide,Administrative Officer,Podcat
111,C.H. Robinson Worldwide,Administrative Officer,Podcat
112,LG Electronics,"Analog Circuit Design Psychologist, educational",Merck Healthcare
112,LG Electronics,"Analog Circuit Design Psychologist, educational",Merck Healthcare
112,LG Electronics,"Analog Circuit Design Psychologist, educational",Merck Healthcare
112,LG Electronics,"Analog Circuit Design Psychologist, educational",Merck Healthcare
113,Fidelity Investments,Chevron Technologies,Fidelity Investments
113,Fidelity Investments,Chevron Technologies,Fidelity Investments
113,Fidelity Investments,Chevron Technologies,Fidelity Investments
113,Fidelity Investments,Chevron Technologies,Fidelity Investments
114,Kyrgyz Turkish  Nova Innovations Inc.,Financial Advisor,Youopia
114,Kyrgyz Turkish  Nova Innovations Inc.,Financial Advisor,Youopia
114,Kyrgyz Turkish  Nova Innovations Inc.,Financial Advisor,Youopia
114,Kyrgyz Turkish  Nova Innovations Inc.,Financial Advisor,Youopia
25,Infosys Technologies,Aetna Health Insurance Analyst,Baljiwan Gill
25,Infosys Technologies,Aetna Health Insurance Analyst,Baljiwan Gill
25,Infosys Technologies,Aetna Health Insurance Analyst,Baljiwan Gill
25,Infosys Technologies,Aetna Health Insurance Analyst,Baljiwan Gill
26,Royal Dutch Shell do Cariri,Software Engineer III,Titan Global Solutions
26,Royal Dutch Shell do Cariri,Software Engineer III,Titan Global Solutions
26,Royal Dutch Shell do Cariri,Software Engineer III,Titan Global Solutions
26,Royal Dutch Shell do Cariri,Software Engineer III,Titan Global Solutions
27,Warhi Grewal,Senior Cost Accountant,Agra
27,Warhi Grewal,Senior Cost Accountant,Agra
27,Warhi Grewal,Senior Cost Accountant,Agra
27,Warhi Grewal,Senior Cost Accountant,Agra
28,Gamma Enterprises Corp. del Ecuador,VP Accounting,AMD Technologies
28,Gamma Enterprises Corp. del Ecuador,VP Accounting,AMD Technologies
28,Gamma Enterprises Corp. del Ecuador,VP Accounting,AMD Technologies
28,Gamma Enterprises Corp. del Ecuador,VP Accounting,AMD Technologies
29,University of Nizwa,Sales Representative,BP Energy
29,University of Nizwa,Sales Representative,BP Energy
29,University of Nizwa,Sales Representative,BP Energy
29,University of Nizwa,Sales Representative,BP Energy
210,Vanguard Financial,VP Marketing,Mydo
210,Vanguard Financial,VP Marketing,Mydo
210,Vanguard Financial,VP Marketing,Mydo
210,Vanguard Financial,VP Marketing,Mydo
211,SpaceX Innovations (Pyay),Philips Medical SystemsI,Jamia
211,SpaceX Innovations (Pyay),Philips Medical SystemsI,Jamia
211,SpaceX Innovations (Pyay),Philips Medical SystemsI,Jamia
211,SpaceX Innovations (Pyay),Philips Medical SystemsI,Jamia
212,Apple Innovations,TotalEnergies Group,Avamm
212,Apple Innovations,TotalEnergies Group,Avamm
212,Apple Innovations,TotalEnergies Group,Avamm
212,Apple Innovations,TotalEnergies Group,Avamm
213,Lockheed Martin Corp.,Staff Accountant IV,Jayo
213,Lockheed Martin Corp.,Staff Accountant IV,Jayo
213,Lockheed Martin Corp.,Staff Accountant IV,Jayo
213,Lockheed Martin Corp.,Staff Accountant IV,Jayo
214,"BASF Industrial Solutions of Halkida, Euboea",Programmer I,Delta Systems Ltd.
214,"BASF Industrial Solutions of Halkida, Euboea",Programmer I,Delta Systems Ltd.
214,"BASF Industrial Solutions of Halkida, Euboea",Programmer I,Delta Systems Ltd.
214,"BASF Industrial Solutions of Halkida, Euboea",Programmer I,Delta Systems Ltd.
35,General Motors Corp.,Visa Technologies,Youopia
35,General Motors Corp.,Visa Technologies,Youopia
35,General Motors Corp.,Visa Technologies,Youopia
35,General Motors Corp.,Visa Technologies,Youopia
36,General Dynamics Corp.,Tax Accountant,Topiczoom
36,General Dynamics Corp.,Tax Accountant,Topiczoom
36,General Dynamics Corp.,Tax Accountant,Topiczoom
36,General Dynamics Corp.,Tax Accountant,Topiczoom
37,Chongqing Normal University Foreign Trade and Business College,Safety Technician III,Realfire
37,Chongqing Normal University Foreign Trade and Business College,Safety Technician III,Realfire
37,Chongqing Normal University Foreign Trade and Business College,Safety Technician III,Realfire
37,Chongqing Normal University Foreign Trade and Business College,Safety Technician III,Realfire
38,Medtronic Medical Solutions,VP Sales,Quire
38,Medtronic Medical Solutions,VP Sales,Quire
38,Medtronic Medical Solutions,VP Sales,Quire
38,Medtronic Medical Solutions,VP Sales,Quire
39,HCA Healthcare,Teacher,Photobug
39,HCA Healthcare,Teacher,Photobug
39,HCA Healthcare,Teacher,Photobug
39,HCA Healthcare,Teacher,Photobug
310,Evangelische Hochschule für Omega Digital Solutions Dresden (FH),VP Product Management,Dabshots
310,Evangelische Hochschule für Omega Digital Solutions Dresden (FH),VP Product Management,Dabshots
310,Evangelische Hochschule für Omega Digital Solutions Dresden (FH),VP Product Management,Dabshots
310,Evangelische Hochschule für Omega Digital Solutions Dresden (FH),VP Product Management,Dabshots
311,Eni Oil and Gas,Broadcom Inc.,Shell Global
311,Eni Oil and Gas,Broadcom Inc.,Shell Global
311,Eni Oil and Gas,Broadcom Inc.,Shell Global
311,Eni Oil and Gas,Broadcom Inc.,Shell Global
312,DHL Supply Chain at Monticello,Professor,Pfizer Healthcare
312,DHL Supply Chain at Monticello,Professor,Pfizer Healthcare
312,DHL Supply Chain at Monticello,Professor,Pfizer Healthcare
312,DHL Supply Chain at Monticello,Professor,Pfizer Healthcare
313,Tesla Innovations,Teacher,ExxonMobil Corporation
313,Tesla Innovations,Teacher,ExxonMobil Corporation
313,Tesla Innovations,Teacher,ExxonMobil Corporation
313,Tesla Innovations,Teacher,ExxonMobil Corporation
314,Chevron Technologies,General Barrister,Boeing Aerospace
314,Chevron Technologies,General Barrister,Boeing Aerospace
314,Chevron Technologies,General Barrister,Boeing Aerospace
314,Chevron Technologies,General Barrister,Boeing Aerospace
45,Beta Innovations Ltd.,Payment Adjustment Coordinator,Leela Keer
45,Beta Innovations Ltd.,Payment Adjustment Coordinator,Leela Keer
45,Beta Innovations Ltd.,Payment Adjustment Coordinator,Leela Keer
45,Beta Innovations Ltd.,Payment Adjustment Coordinator,Leela Keer
46,Honeywell Technologies,Financial Analyst,HSBC Global Services
46,Honeywell Technologies,Financial Analyst,HSBC Global Services
46,Honeywell Technologies,Financial Analyst,HSBC Global Services
46,Honeywell Technologies,Financial Analyst,HSBC Global Services
47,TotalEnergies Group,PayPal Systems,LiveZ
47,TotalEnergies Group,PayPal Systems,LiveZ
47,TotalEnergies Group,PayPal Systems,LiveZ
47,TotalEnergies Group,PayPal Systems,LiveZ
48,Cigna Healthcare,Aetna Health Insurance,Gamma Enterprises Corp.
48,Cigna Healthcare,Aetna Health Insurance,Gamma Enterprises Corp.
48,Cigna Healthcare,Aetna Health Insurance,Gamma Enterprises Corp.
48,Cigna Healthcare,Aetna Health Insurance,Gamma Enterprises Corp.
49,Bank of America,Professor,Warinder Bhatia
49,Bank of America,Professor,Warinder Bhatia
49,Bank of America,Professor,Warinder Bhatia
49,Bank of America,Professor,Warinder Bhatia
410,Udyati Mohanty,Compensation Analyst,Machilipatnam
410,Udyati Mohanty,Compensation Analyst,Machilipatnam
410,Udyati Mohanty,Compensation Analyst,Machilipatnam
410,Udyati Mohanty,Compensation Analyst,Machilipatnam
411,Xerox Systems Bolivia,Alpha Technologies Inc.,Sagar
411,Xerox Systems Bolivia,Alpha Technologies Inc.,Sagar
411,Xerox Systems Bolivia,Alpha Technologies Inc.,Sagar
411,Xerox Systems Bolivia,Alpha Technologies Inc.,Sagar
412,Caterpillar Inc.,Human Resources Assistant III,AMD Technologies
412,Caterpillar Inc.,Human Resources Assistant III,AMD Technologies
412,Caterpillar Inc.,Human Resources Assistant III,AMD Technologies
412,Caterpillar Inc.,Human Resources Assistant III,AMD Technologies
413,"International Banking Institute, Guntur",Google Global Solutions,Suhani Prakash
413,"International Banking Institute, Guntur",Google Global Solutions,Suhani Prakash
413,"International Banking Institute, Guntur",Google Global Solutions,Suhani Prakash
413,"International Banking Institute, Guntur",Google Global Solutions,Suhani Prakash
414,Royal Dutch Shell,Web Developer IV,Yodoo
414,Royal Dutch Shell,Web Developer IV,Yodoo
414,Royal Dutch Shell,Web Developer IV,Yodoo
414,Royal Dutch Shell,Web Developer IV,Yodoo
55,"Virgin Galactic, Sarawak Campus",Compensation Analyst,Teklist
55,"Virgin Galactic, Sarawak Campus",Compensation Analyst,Teklist
55,"Virgin Galactic, Sarawak Campus",Compensation Analyst,Teklist
55,"Virgin Galactic, Sarawak Campus",Compensation Analyst,Teklist
56,AMD Technologies,Research Assistant III,Shahjahanpur
56,AMD Technologies,Research Assistant III,Shahjahanpur
56,AMD Technologies,Research Assistant III,Shahjahanpur
56,AMD Technologies,Research Assistant III,Shahjahanpur
57,BlueCross BlueShield,Facebook Global,Janaki Brahmbhatt
57,BlueCross BlueShield,Facebook Global,Janaki Brahmbhatt
57,BlueCross BlueShield,Facebook Global,Janaki Brahmbhatt
57,BlueCross BlueShield,Facebook Global,Janaki Brahmbhatt
58,Lockheed Martin Aerospace,VP Apple Innovations,Motihari
58,Lockheed Martin Aerospace,VP Apple Innovations,Motihari
58,Lockheed Martin Aerospace,VP Apple Innovations,Motihari
58,Lockheed Martin Aerospace,VP Apple Innovations,Motihari
59,"Acer Electronics, Saint John",Accountant I,AMD Technologies
59,"Acer Electronics, Saint John",Accountant I,AMD Technologies
59,"Acer Electronics, Saint John",Accountant I,AMD Technologies
59,"Acer Electronics, Saint John",Accountant I,AMD Technologies
60,Airbus Manufacturing,Senior Cost Accountant,General Electric
60,Airbus Manufacturing,Senior Cost Accountant,General Electric
60,Airbus Manufacturing,Senior Cost Accountant,General Electric
60,Airbus Manufacturing,Senior Cost Accountant,General Electric
511,Shell Global,NVIDIA Corporation,ABB Robotics
511,Shell Global,NVIDIA Corporation,ABB Robotics
511,Shell Global,NVIDIA Corporation,ABB Robotics
511,Shell Global,NVIDIA Corporation,ABB Robotics
512,Microsoft Technologies,VP Marketing,Gabtype
512,Microsoft Technologies,VP Marketing,Gabtype
512,Microsoft Technologies,VP Marketing,Gabtype
512,Microsoft Technologies,VP Marketing,Gabtype
513,Qualcomm Technologies Mahasaraswati Denpasar,Honeywell Technologies,Malda
513,Qualcomm Technologies Mahasaraswati Denpasar,Honeywell Technologies,Malda
513,Qualcomm Technologies Mahasaraswati Denpasar,Honeywell Technologies,Malda
513,Qualcomm Technologies Mahasaraswati Denpasar,Honeywell Technologies,Malda
514,IBM Technologies Fundación H.A. Barceló,Raytheon Technologies,Oyoyo
514,IBM Technologies Fundación H.A. Barceló,Raytheon Technologies,Oyoyo
514,IBM Technologies Fundación H.A. Barceló,Raytheon Technologies,Oyoyo
514,IBM Technologies Fundación H.A. Barceló,Raytheon Technologies,Oyoyo
65,European Humanities University,Aetna Health Insurance Analyst,Anthony Randhawa
65,European Humanities University,Aetna Health Insurance Analyst,Anthony Randhawa
65,European Humanities University,Aetna Health Insurance Analyst,Anthony Randhawa
65,European Humanities University,Aetna Health Insurance Analyst,Anthony Randhawa
66,Citigroup Inc.,Data Coordinator,Skiptube
66,Citigroup Inc.,Data Coordinator,Skiptube
66,Citigroup Inc.,Data Coordinator,Skiptube
66,Citigroup Inc.,Data Coordinator,Skiptube
67,Alpha Technologies Inc.,Philips Medical Systems,Chakradev Sampath
67,Alpha Technologies Inc.,Philips Medical Systems,Chakradev Sampath
67,Alpha Technologies Inc.,Philips Medical Systems,Chakradev Sampath
67,Alpha Technologies Inc.,Philips Medical Systems,Chakradev Sampath
68,Toyota Motor Corporation,Geologist II,Livefish
68,Toyota Motor Corporation,Geologist II,Livefish
68,Toyota Motor Corporation,Geologist II,Livefish
68,Toyota Motor Corporation,Geologist II,Livefish
69,NextGen Dynamics,TotalEnergies Group,Blue Origin Aerospace
69,NextGen Dynamics,TotalEnergies Group,Blue Origin Aerospace
69,NextGen Dynamics,TotalEnergies Group,Blue Origin Aerospace
69,NextGen Dynamics,TotalEnergies Group,Blue Origin Aerospace
70,Nova Innovations Inc.,Librarian,Thoughtstorm
70,Nova Innovations Inc.,Librarian,Thoughtstorm
70,Nova Innovations Inc.,Librarian,Thoughtstorm
70,Nova Innovations Inc.,Librarian,Thoughtstorm
71,Crest Financial Corp.,Sony Electronics,Yodel
71,Crest Financial Corp.,Sony Electronics,Yodel
71,Crest Financial Corp.,Sony Electronics,Yodel
71,Crest Financial Corp.,Sony Electronics,Yodel
612,SpaceX Innovations (Hinthada),Fidelity Investments Analyst IV,C.H. Robinson Worldwide
612,SpaceX Innovations (Hinthada),Fidelity Investments Analyst IV,C.H. Robinson Worldwide
612,SpaceX Innovations (Hinthada),Fidelity Investments Analyst IV,C.H. Robinson Worldwide
612,SpaceX Innovations (Hinthada),Fidelity Investments Analyst IV,C.H. Robinson Worldwide
613,Bristol Myers Squibb,VP Product Management,Intel Corp.
613,Bristol Myers Squibb,VP Product Management,Intel Corp.
613,Bristol Myers Squibb,VP Product Management,Intel Corp.
613,Bristol Myers Squibb,VP Product Management,Intel Corp.
614,Gilead Sciences,VP Sales,ExxonMobil Corporation
614,Gilead Sciences,VP Sales,ExxonMobil Corporation
614,Gilead Sciences,VP Sales,ExxonMobil Corporation
614,Gilead Sciences,VP Sales,ExxonMobil Corporation
75,Komatsu Manufacturing,Human Resources Barrister,Caterpillar Construction
75,Komatsu Manufacturing,Human Resources Barrister,Caterpillar Construction
75,Komatsu Manufacturing,Human Resources Barrister,Caterpillar Construction
75,Komatsu Manufacturing,Human Resources Barrister,Caterpillar Construction
76,"Honeywell Technologies, Milan",Catalyst Ventures,Realpoint
76,"Honeywell Technologies, Milan",Catalyst Ventures,Realpoint
76,"Honeywell Technologies, Milan",Catalyst Ventures,Realpoint
76,"Honeywell Technologies, Milan",Catalyst Ventures,Realpoint
77,SpaceX Innovations ,Software Test Engineer IV,Gabtype
77,SpaceX Innovations ,Software Test Engineer IV,Gabtype
77,SpaceX Innovations ,Software Test Engineer IV,Gabtype
77,SpaceX Innovations ,Software Test Engineer IV,Gabtype
78,Intel Corp.,Automation Specialist I,Zoomlounge
78,Intel Corp.,Automation Specialist I,Zoomlounge
78,Intel Corp.,Automation Specialist I,Zoomlounge
78,Intel Corp.,Automation Specialist I,Zoomlounge
79,Honda Motors,Google Global Solutions,Eadel
79,Honda Motors,Google Global Solutions,Eadel
79,Honda Motors,Google Global Solutions,Eadel
79,Honda Motors,Google Global Solutions,Eadel
80,Pawel Wlodkowic University College in AMD Technologies,Web Designer I,Pixoboo
80,Pawel Wlodkowic University College in AMD Technologies,Web Designer I,Pixoboo
80,Pawel Wlodkowic University College in AMD Technologies,Web Designer I,Pixoboo
80,Pawel Wlodkowic University College in AMD Technologies,Web Designer I,Pixoboo
81,DHL Supply Chain at Pine Bluff,Alpha Technologies Inc.,Layo
81,DHL Supply Chain at Pine Bluff,Alpha Technologies Inc.,Layo
81,DHL Supply Chain at Pine Bluff,Alpha Technologies Inc.,Layo
81,DHL Supply Chain at Pine Bluff,Alpha Technologies Inc.,Layo
82,Universidade Chanchal Sheth,Financial Analyst,Blue Origin Aerospace
82,Universidade Chanchal Sheth,Financial Analyst,Blue Origin Aerospace
82,Universidade Chanchal Sheth,Financial Analyst,Blue Origin Aerospace
82,Universidade Chanchal Sheth,Financial Analyst,Blue Origin Aerospace
713,Hiroshima Prefectural University,Operator,Intel Systems
713,Hiroshima Prefectural University,Operator,Intel Systems
713,Hiroshima Prefectural University,Operator,Intel Systems
713,Hiroshima Prefectural University,Operator,Intel Systems
714,Caterpillar Construction,Physical Therapy Assistant,Gigashots
714,Caterpillar Construction,Physical Therapy Assistant,Gigashots
714,Caterpillar Construction,Physical Therapy Assistant,Gigashots
714,Caterpillar Construction,Physical Therapy Assistant,Gigashots
85,Lilly Pharmaceuticals,Triveni Pal,Anya Gulati
85,Lilly Pharmaceuticals,Triveni Pal,Anya Gulati
85,Lilly Pharmaceuticals,Triveni Pal,Anya Gulati
85,Lilly Pharmaceuticals,Triveni Pal,Anya Gulati
86,"Evangelische Fachhochschule Freiburg, Hochschule für Omega Digital Solutions, Diakonie und Religionspädagogik",AbbVie Innovations,Salem
86,"Evangelische Fachhochschule Freiburg, Hochschule für Omega Digital Solutions, Diakonie und Religionspädagogik",AbbVie Innovations,Salem
86,"Evangelische Fachhochschule Freiburg, Hochschule für Omega Digital Solutions, Diakonie und Religionspädagogik",AbbVie Innovations,Salem
86,"Evangelische Fachhochschule Freiburg, Hochschule für Omega Digital Solutions, Diakonie und Religionspädagogik",AbbVie Innovations,Salem
87,University of Bialystok,Honeywell Technologies,Gigabox
87,University of Bialystok,Honeywell Technologies,Gigabox
87,University of Bialystok,Honeywell Technologies,Gigabox
87,University of Bialystok,Honeywell Technologies,Gigabox
88,Eta Manufacturing Group,VP Marketing,Feedbug
88,Eta Manufacturing Group,VP Marketing,Feedbug
88,Eta Manufacturing Group,VP Marketing,Feedbug
88,Eta Manufacturing Group,VP Marketing,Feedbug
89,Honeywell Technologies,Mayo Clinic Healthcare Secretary,Yash Basu
89,Honeywell Technologies,Mayo Clinic Healthcare Secretary,Yash Basu
89,Honeywell Technologies,Mayo Clinic Healthcare Secretary,Yash Basu
89,Honeywell Technologies,Mayo Clinic Healthcare Secretary,Yash Basu
90,Dr. Babasaheb Ambedkar SpaceX Innovations,Pharmacist,Daksh Dey
90,Dr. Babasaheb Ambedkar SpaceX Innovations,Pharmacist,Daksh Dey
90,Dr. Babasaheb Ambedkar SpaceX Innovations,Pharmacist,Daksh Dey
90,Dr. Babasaheb Ambedkar SpaceX Innovations,Pharmacist,Daksh Dey
91,Xerox Systems,Senior Developer,Vivaan Nagar
91,Xerox Systems,Senior Developer,Vivaan Nagar
91,Xerox Systems,Senior Developer,Vivaan Nagar
91,Xerox Systems,Senior Developer,Vivaan Nagar
92,UnitedHealth Group Aargau,GIS Technical Architect,Skynoodle
92,UnitedHealth Group Aargau,GIS Technical Architect,Skynoodle
92,UnitedHealth Group Aargau,GIS Technical Architect,Skynoodle
92,UnitedHealth Group Aargau,GIS Technical Architect,Skynoodle
93,Mayo Clinic Healthcare,Accountant IV,Rhyloo
93,Mayo Clinic Healthcare,Accountant IV,Rhyloo
93,Mayo Clinic Healthcare,Accountant IV,Rhyloo
93,Mayo Clinic Healthcare,Accountant IV,Rhyloo
814,Chevron Technologies,Statistician IV,Chasmum Dhar
814,Chevron Technologies,Statistician IV,Chasmum Dhar
814,Chevron Technologies,Statistician IV,Chasmum Dhar
814,Chevron Technologies,Statistician IV,Chasmum Dhar
95,NVIDIA Corporation,Assistant Barrister,Quimm
95,NVIDIA Corporation,Assistant Barrister,Quimm
95,NVIDIA Corporation,Assistant Barrister,Quimm
95,NVIDIA Corporation,Assistant Barrister,Quimm
96,BlackRock Investments,Nuclear Power Engineer,Nova Innovations Inc.
96,BlackRock Investments,Nuclear Power Engineer,Nova Innovations Inc.
96,BlackRock Investments,Nuclear Power Engineer,Nova Innovations Inc.
96,BlackRock Investments,Nuclear Power Engineer,Nova Innovations Inc.
97,Boeing Aerospace Oswego,Marketing Assistant,Boeing Aerospace
97,Boeing Aerospace Oswego,Marketing Assistant,Boeing Aerospace
97,Boeing Aerospace Oswego,Marketing Assistant,Boeing Aerospace
97,Boeing Aerospace Oswego,Marketing Assistant,Boeing Aerospace
98,Dell Technologies,Analyst Programmer,Wordtune
98,Dell Technologies,Analyst Programmer,Wordtune
98,Dell Technologies,Analyst Programmer,Wordtune
98,Dell Technologies,Analyst Programmer,Wordtune
99,Apex Technologies,Assistant Toyota Motor Corporation,Boeing Aerospace
99,Apex Technologies,Assistant Toyota Motor Corporation,Boeing Aerospace
99,Apex Technologies,Assistant Toyota Motor Corporation,Boeing Aerospace
99,Apex Technologies,Assistant Toyota Motor Corporation,Boeing Aerospace
100,Gilead Sciences,Developer III,Podcat
100,Gilead Sciences,Developer III,Podcat
100,Gilead Sciences,Developer III,Podcat
100,Gilead Sciences,Developer III,Podcat
101,Hafencity Universität Erode,C.H. Robinson Worldwide,Salem
101,Hafencity Universität Erode,C.H. Robinson Worldwide,Salem
101,Hafencity Universität Erode,C.H. Robinson Worldwide,Salem
101,Hafencity Universität Erode,C.H. Robinson Worldwide,Salem
102,Airbus Manufacturing,Accounting Assistant III,Gandhinagar
102,Airbus Manufacturing,Accounting Assistant III,Gandhinagar
102,Airbus Manufacturing,Accounting Assistant III,Gandhinagar
102,Airbus Manufacturing,Accounting Assistant III,Gandhinagar
103,Pfizer Healthcare,Senior Financial Analyst,AMD Technologies
103,Pfizer Healthcare,Senior Financial Analyst,AMD Technologies
103,Pfizer Healthcare,Senior Financial Analyst,AMD Technologies
103,Pfizer Healthcare,Senior Financial Analyst,AMD Technologies
104,Madawalabu University,Sanofi Global,Cardinal Health
104,Madawalabu University,Sanofi Global,Cardinal Health
104,Madawalabu University,Sanofi Global,Cardinal Health
104,Madawalabu University,Sanofi Global,Cardinal Health
105,Mastercard International,Facebook Global,Topicshots
105,Mastercard International,Facebook Global,Topicshots
105,Mastercard International,Facebook Global,Topicshots
105,Mastercard International,Facebook Global,Topicshots
